{"cameraMode":{"drawMode":0,"name":"Shaded","section":"Shading Mode"},"sceneLighting":false,"audioPlay":false,"sceneViewState":{"m_AlwaysRefresh":false,"showFog":true,"showSkybox":false,"showFlares":true,"showImageEffects":true,"showParticleSystems":true,"showVisualEffectGraphs":true,"m_FxEnabled":true},"in2DMode":false,"pivot":{"x":-0.04244375228881836,"y":0.32915443181991579,"z":0.08571947365999222},"rotation":{"x":0.0836886614561081,"y":-0.7811856269836426,"z":0.10729905962944031,"w":0.6092895865440369},"size":0.9514622688293457,"orthographic":true}