{"cameraMode":{"drawMode":0,"name":"Shaded","section":"Shading Mode"},"sceneLighting":false,"audioPlay":false,"sceneViewState":{"m_AlwaysRefresh":false,"showFog":true,"showSkybox":false,"showFlares":true,"showImageEffects":true,"showParticleSystems":true,"showVisualEffectGraphs":true,"m_FxEnabled":true},"in2DMode":false,"pivot":{"x":-11.72031021118164,"y":0.25851529836654665,"z":0.0894780158996582},"rotation":{"x":0.056059829890728,"y":0.24747446179389954,"z":-0.014345117844641209,"w":0.9671711921691895},"size":0.7668497562408447,"orthographic":true}