{"cameraMode":{"drawMode":0,"name":"Shaded","section":"Shading Mode"},"sceneLighting":true,"audioPlay":false,"sceneViewState":{"m_AlwaysRefresh":false,"showFog":true,"showSkybox":true,"showFlares":true,"showImageEffects":true,"showParticleSystems":true,"showVisualEffectGraphs":true,"m_FxEnabled":true},"in2DMode":false,"pivot":{"x":2.6426730155944826,"y":3.8886866569519045,"z":-2.4133224487304689},"rotation":{"x":0.5161907076835632,"y":-0.0012847245670855046,"z":0.0007742918096482754,"w":0.8564724326133728},"size":40.27251434326172,"orthographic":true}