{"cameraMode":{"drawMode":0,"name":"Shaded","section":"Shading Mode"},"sceneLighting":true,"audioPlay":false,"sceneViewState":{"m_AlwaysRefresh":false,"showFog":true,"showSkybox":true,"showFlares":true,"showImageEffects":true,"showParticleSystems":true,"showVisualEffectGraphs":true,"m_FxEnabled":true},"in2DMode":false,"pivot":{"x":5.159753322601318,"y":-32.74987030029297,"z":15.23984146118164},"rotation":{"x":0.5352810025215149,"y":0.011402337811887265,"z":-0.0072267320938408379,"w":0.8445661664009094},"size":48.40424728393555,"orthographic":false}