{"cameraMode":{"drawMode":0,"name":"Shaded","section":"Shading Mode"},"sceneLighting":true,"audioPlay":false,"sceneViewState":{"m_AlwaysRefresh":false,"showFog":true,"showSkybox":true,"showFlares":true,"showImageEffects":true,"showParticleSystems":true,"showVisualEffectGraphs":true,"m_FxEnabled":true},"in2DMode":false,"pivot":{"x":8.467666625976563,"y":23.759334564208986,"z":-10.623255729675293},"rotation":{"x":0.5161907076835632,"y":-0.0012847245670855046,"z":0.0007742918096482754,"w":0.8564724326133728},"size":38.6615104675293,"orthographic":true}